PRAGMA foreign_keys=OFF;
BEGIN TRANSACTION;
CREATE TABLE IF NOT EXISTS "django_migrations" ("id" integer NOT NULL PRIMARY KEY AUTOINCREMENT, "app" varchar(255) NOT NULL, "name" varchar(255) NOT NULL, "applied" datetime NOT NULL);
INSERT INTO django_migrations VALUES(1,'contenttypes','0001_initial','2023-03-27 21:37:14.950466');
INSERT INTO django_migrations VALUES(2,'auth','0001_initial','2023-03-27 21:37:15.287656');
INSERT INTO django_migrations VALUES(3,'admin','0001_initial','2023-03-27 21:37:15.629726');
INSERT INTO django_migrations VALUES(4,'admin','0002_logentry_remove_auto_add','2023-03-27 21:37:15.859534');
INSERT INTO django_migrations VALUES(5,'admin','0003_logentry_add_action_flag_choices','2023-03-27 21:37:16.056597');
INSERT INTO django_migrations VALUES(6,'contenttypes','0002_remove_content_type_name','2023-03-27 21:37:16.337342');
INSERT INTO django_migrations VALUES(7,'auth','0002_alter_permission_name_max_length','2023-03-27 21:37:16.522715');
INSERT INTO django_migrations VALUES(8,'auth','0003_alter_user_email_max_length','2023-03-27 21:37:16.722823');
INSERT INTO django_migrations VALUES(9,'auth','0004_alter_user_username_opts','2023-03-27 21:37:16.870155');
INSERT INTO django_migrations VALUES(10,'auth','0005_alter_user_last_login_null','2023-03-27 21:37:17.080319');
INSERT INTO django_migrations VALUES(11,'auth','0006_require_contenttypes_0002','2023-03-27 21:37:17.242417');
INSERT INTO django_migrations VALUES(12,'auth','0007_alter_validators_add_error_messages','2023-03-27 21:37:17.389946');
INSERT INTO django_migrations VALUES(13,'auth','0008_alter_user_username_max_length','2023-03-27 21:37:17.569898');
INSERT INTO django_migrations VALUES(14,'auth','0009_alter_user_last_name_max_length','2023-03-27 21:37:17.755304');
INSERT INTO django_migrations VALUES(15,'auth','0010_alter_group_name_max_length','2023-03-27 21:37:17.978396');
INSERT INTO django_migrations VALUES(16,'auth','0011_update_proxy_permissions','2023-03-27 21:37:18.355614');
INSERT INTO django_migrations VALUES(17,'auth','0012_alter_user_first_name_max_length','2023-03-27 21:37:18.511686');
INSERT INTO django_migrations VALUES(19,'sessions','0001_initial','2023-03-27 21:37:19.221414');
INSERT INTO django_migrations VALUES(20,'school_app','0002_anneescolaire_cursus_emploidutemps_enseignant_and_more','2023-03-31 07:12:08.805421');
INSERT INTO django_migrations VALUES(21,'school_app','0003_seancecours_lieu','2023-03-31 14:20:21.864561');
INSERT INTO django_migrations VALUES(22,'school_app','0004_rename_ueanneescolaire_matcursusannee_and_more','2023-03-31 15:41:23.585960');
INSERT INTO django_migrations VALUES(23,'school_app','0005_alter_enseignement_libelle','2023-03-31 16:07:25.854209');
INSERT INTO django_migrations VALUES(32,'school_app','0001_initial','2023-03-31 18:49:34.698019');
CREATE TABLE IF NOT EXISTS "auth_group_permissions" ("id" integer NOT NULL PRIMARY KEY AUTOINCREMENT, "group_id" integer NOT NULL REFERENCES "auth_group" ("id") DEFERRABLE INITIALLY DEFERRED, "permission_id" integer NOT NULL REFERENCES "auth_permission" ("id") DEFERRABLE INITIALLY DEFERRED);
CREATE TABLE IF NOT EXISTS "auth_user_groups" ("id" integer NOT NULL PRIMARY KEY AUTOINCREMENT, "user_id" integer NOT NULL REFERENCES "auth_user" ("id") DEFERRABLE INITIALLY DEFERRED, "group_id" integer NOT NULL REFERENCES "auth_group" ("id") DEFERRABLE INITIALLY DEFERRED);
CREATE TABLE IF NOT EXISTS "auth_user_user_permissions" ("id" integer NOT NULL PRIMARY KEY AUTOINCREMENT, "user_id" integer NOT NULL REFERENCES "auth_user" ("id") DEFERRABLE INITIALLY DEFERRED, "permission_id" integer NOT NULL REFERENCES "auth_permission" ("id") DEFERRABLE INITIALLY DEFERRED);
CREATE TABLE IF NOT EXISTS "django_admin_log" ("id" integer NOT NULL PRIMARY KEY AUTOINCREMENT, "object_id" text NULL, "object_repr" varchar(200) NOT NULL, "action_flag" smallint unsigned NOT NULL CHECK ("action_flag" >= 0), "change_message" text NOT NULL, "content_type_id" integer NULL REFERENCES "django_content_type" ("id") DEFERRABLE INITIALLY DEFERRED, "user_id" integer NOT NULL REFERENCES "auth_user" ("id") DEFERRABLE INITIALLY DEFERRED, "action_time" datetime NOT NULL);
INSERT INTO django_admin_log VALUES(1,'1','{self.libelle}',1,'[{"added": {}}]',9,1,'2023-03-31 07:16:40.342230');
INSERT INTO django_admin_log VALUES(2,'2','{self.libelle}',1,'[{"added": {}}]',9,1,'2023-03-31 07:41:20.944284');
INSERT INTO django_admin_log VALUES(3,'2','2022-2023',2,'[{"changed": {"fields": ["DateDebut", "DateFin", "Libelle"]}}]',9,1,'2023-03-31 11:27:41.870708');
INSERT INTO django_admin_log VALUES(4,'1','2023-2024',2,'[{"changed": {"fields": ["DateDebut", "DateFin", "Libelle"]}}]',9,1,'2023-03-31 11:28:51.291161');
INSERT INTO django_admin_log VALUES(5,'3','Science et Technologie',1,'[{"added": {}}]',7,1,'2023-03-31 14:02:33.080855');
INSERT INTO django_admin_log VALUES(6,'4','Science Litéraire',1,'[{"added": {}}]',7,1,'2023-03-31 14:03:02.030263');
INSERT INTO django_admin_log VALUES(7,'4','IRT',1,'[{"added": {}}]',8,1,'2023-03-31 14:29:54.032532');
INSERT INTO django_admin_log VALUES(8,'5','Management',1,'[{"added": {}}]',8,1,'2023-03-31 14:30:16.664380');
INSERT INTO django_admin_log VALUES(9,'6','Communication',1,'[{"added": {}}]',8,1,'2023-03-31 14:30:25.167919');
INSERT INTO django_admin_log VALUES(10,'1','AL',1,'[{"added": {}}]',20,1,'2023-03-31 14:30:58.253739');
INSERT INTO django_admin_log VALUES(11,'2','SRS',1,'[{"added": {}}]',20,1,'2023-03-31 14:31:03.182647');
INSERT INTO django_admin_log VALUES(12,'3','Télécom',1,'[{"added": {}}]',20,1,'2023-03-31 14:31:16.591329');
INSERT INTO django_admin_log VALUES(13,'1','Licence',1,'[{"added": {}}]',17,1,'2023-03-31 14:31:53.182471');
INSERT INTO django_admin_log VALUES(14,'2','Master',1,'[{"added": {}}]',17,1,'2023-03-31 14:32:00.289409');
INSERT INTO django_admin_log VALUES(15,'3','Doctorat',1,'[{"added": {}}]',17,1,'2023-03-31 14:32:04.992965');
INSERT INTO django_admin_log VALUES(16,'1','1',1,'[{"added": {}}]',19,1,'2023-03-31 14:32:28.488374');
INSERT INTO django_admin_log VALUES(17,'2','2',1,'[{"added": {}}]',19,1,'2023-03-31 14:32:32.586321');
INSERT INTO django_admin_log VALUES(18,'3','3',1,'[{"added": {}}]',19,1,'2023-03-31 14:32:36.529339');
INSERT INTO django_admin_log VALUES(19,'1','Master 1 AL',1,'[{"added": {}}]',10,1,'2023-03-31 14:34:00.883070');
INSERT INTO django_admin_log VALUES(20,'4','IRT',1,'[{"added": {}}]',20,1,'2023-03-31 14:36:00.970272');
INSERT INTO django_admin_log VALUES(21,'2','Licence 2 IRT',1,'[{"added": {}}]',10,1,'2023-03-31 14:36:10.752633');
INSERT INTO django_admin_log VALUES(22,'1','POO Python',1,'[{"added": {}}]',18,1,'2023-03-31 14:44:23.577491');
INSERT INTO django_admin_log VALUES(23,'2','Programmation Java',1,'[{"added": {}}]',18,1,'2023-03-31 14:44:33.514247');
INSERT INTO django_admin_log VALUES(24,'3','Technique de communication Pro',1,'[{"added": {}}]',18,1,'2023-03-31 14:44:47.480193');
INSERT INTO django_admin_log VALUES(25,'4','Anglais',1,'[{"added": {}}]',18,1,'2023-03-31 14:44:54.808063');
INSERT INTO django_admin_log VALUES(26,'1','UE Program M1AL',1,'[{"added": {}}]',22,1,'2023-03-31 14:50:15.232473');
INSERT INTO django_admin_log VALUES(27,'5','Analyse de données par Python',1,'[{"added": {}}]',18,1,'2023-03-31 14:51:53.331353');
INSERT INTO django_admin_log VALUES(28,'6','Analyse de donnée R',1,'[{"added": {}}]',18,1,'2023-03-31 14:52:11.619008');
INSERT INTO django_admin_log VALUES(29,'2','Analyse de données M1AL',1,'[{"added": {}}]',22,1,'2023-03-31 14:53:12.611991');
INSERT INTO django_admin_log VALUES(30,'3','Analyse de données M1AL',1,'[{"added": {}}]',22,1,'2023-03-31 14:53:25.679898');
INSERT INTO django_admin_log VALUES(31,'3','UE Analyse de données M1AL',2,'[{"changed": {"fields": ["Libelle"]}}]',22,1,'2023-03-31 14:56:53.867507');
INSERT INTO django_admin_log VALUES(32,'2','UE Analyse de données M1AL',2,'[{"changed": {"fields": ["Libelle"]}}]',22,1,'2023-03-31 14:57:02.001654');
INSERT INTO django_admin_log VALUES(33,'1','2022-2023-UE Analyse de données M1AL',1,'[{"added": {}}]',23,1,'2023-03-31 15:03:42.789894');
INSERT INTO django_admin_log VALUES(34,'1','M1 AL-Progmtion Java',2,'[{"changed": {"fields": ["Libelle"]}}]',22,1,'2023-03-31 15:48:02.000333');
INSERT INTO django_admin_log VALUES(35,'1','M1 AL-Pgramtion Java',2,'[{"changed": {"fields": ["Libelle"]}}]',22,1,'2023-03-31 15:48:32.383730');
INSERT INTO django_admin_log VALUES(36,'3','M1AL-DataAnalyPython',2,'[{"changed": {"fields": ["Libelle"]}}]',22,1,'2023-03-31 15:49:18.371559');
INSERT INTO django_admin_log VALUES(37,'1','M1AL-Pgramtion Java',2,'[{"changed": {"fields": ["Libelle"]}}]',22,1,'2023-03-31 15:49:25.686582');
INSERT INTO django_admin_log VALUES(38,'2','M1AL-DataAnalyR',2,'[{"changed": {"fields": ["Libelle"]}}]',22,1,'2023-03-31 15:49:55.320820');
INSERT INTO django_admin_log VALUES(39,'2','M1AL-DataAnalysis R',2,'[{"changed": {"fields": ["Libelle"]}}]',22,1,'2023-03-31 15:50:14.492108');
INSERT INTO django_admin_log VALUES(40,'3','M1AL-DataAnalysis Python',2,'[{"changed": {"fields": ["Libelle"]}}]',22,1,'2023-03-31 15:50:22.847445');
INSERT INTO django_admin_log VALUES(41,'3','M1AL-DataAnalysis Python',2,'[]',22,1,'2023-03-31 15:51:06.867844');
INSERT INTO django_admin_log VALUES(42,'1','2022-2023-M1AL-DataAnalysis R',2,'[{"changed": {"fields": ["Libelle"]}}]',23,1,'2023-03-31 15:52:08.473164');
INSERT INTO django_admin_log VALUES(43,'2','2022-2023-M1AL-Pgramtion Java',1,'[{"added": {}}]',23,1,'2023-03-31 15:52:43.322542');
INSERT INTO django_admin_log VALUES(44,'1','Dr',1,'[{"added": {}}]',16,1,'2023-03-31 15:56:52.424022');
INSERT INTO django_admin_log VALUES(45,'2','Ingénieur',1,'[{"added": {}}]',16,1,'2023-03-31 15:57:09.207242');
INSERT INTO django_admin_log VALUES(46,'3','Professeur',1,'[{"added": {}}]',16,1,'2023-03-31 15:57:22.148770');
INSERT INTO django_admin_log VALUES(47,'1','Ingénieur Dupont Durant',1,'[{"added": {}}]',12,1,'2023-03-31 15:59:53.850118');
INSERT INTO django_admin_log VALUES(48,'2','Dr HIUGA Hinata',1,'[{"added": {}}]',12,1,'2023-03-31 16:03:57.526597');
INSERT INTO django_admin_log VALUES(49,'1','None',1,'[{"added": {}}]',13,1,'2023-03-31 16:07:49.079857');
INSERT INTO django_admin_log VALUES(50,'2','None',1,'[{"added": {}}]',13,1,'2023-03-31 16:07:59.108372');
INSERT INTO django_admin_log VALUES(51,'1','Avedzi',1,'[{"added": {}}]',26,1,'2023-03-31 16:30:44.269497');
INSERT INTO django_admin_log VALUES(52,'2','Ocam',1,'[{"added": {}}]',26,1,'2023-03-31 16:30:50.980288');
INSERT INTO django_admin_log VALUES(53,'3','Kodjovikopé',1,'[{"added": {}}]',26,1,'2023-03-31 16:30:58.079035');
INSERT INTO django_admin_log VALUES(54,'4','Adidogomé',1,'[{"added": {}}]',26,1,'2023-03-31 16:31:05.834334');
INSERT INTO django_admin_log VALUES(55,'1','Amphitéatre',1,'[{"added": {}}]',21,1,'2023-03-31 16:32:13.623229');
INSERT INTO django_admin_log VALUES(56,'2','Classe',1,'[{"added": {}}]',21,1,'2023-03-31 16:33:17.026366');
INSERT INTO django_admin_log VALUES(57,'3','Classe C102',1,'[{"added": {}}]',21,1,'2023-03-31 16:34:13.190111');
INSERT INTO django_admin_log VALUES(58,'4','Auditorium E201',1,'[{"added": {}}]',21,1,'2023-03-31 16:34:52.882587');
INSERT INTO django_admin_log VALUES(59,'2','Classe E101',2,'[{"changed": {"fields": ["Libelle"]}}]',21,1,'2023-03-31 16:35:11.465099');
INSERT INTO django_admin_log VALUES(60,'1','Dr',1,'[{"added": {}}]',16,1,'2023-03-31 20:27:21.417871');
INSERT INTO django_admin_log VALUES(61,'2','Ingénieur',1,'[{"added": {}}]',16,1,'2023-03-31 20:27:30.268272');
INSERT INTO django_admin_log VALUES(62,'3','Professeur',1,'[{"added": {}}]',16,1,'2023-03-31 20:27:38.150979');
INSERT INTO django_admin_log VALUES(63,'1','Litérature',1,'[{"added": {}}]',7,1,'2023-04-04 02:42:22.436523');
INSERT INTO django_admin_log VALUES(64,'2','Science',1,'[{"added": {}}]',7,1,'2023-04-04 02:42:27.432439');
INSERT INTO django_admin_log VALUES(65,'3','Gestion',1,'[{"added": {}}]',7,1,'2023-04-04 02:42:37.635550');
INSERT INTO django_admin_log VALUES(66,'1','IRT',1,'[{"added": {}}]',8,1,'2023-04-04 02:43:40.500328');
INSERT INTO django_admin_log VALUES(67,'2','Management',1,'[{"added": {}}]',8,1,'2023-04-04 02:43:53.684986');
INSERT INTO django_admin_log VALUES(68,'1','Licence',1,'[{"added": {}}]',20,1,'2023-04-04 02:44:44.377474');
INSERT INTO django_admin_log VALUES(69,'2','Master',1,'[{"added": {}}]',20,1,'2023-04-04 02:44:51.771079');
INSERT INTO django_admin_log VALUES(70,'3','Doctorat',1,'[{"added": {}}]',20,1,'2023-04-04 02:44:56.548573');
INSERT INTO django_admin_log VALUES(71,'3','AL',2,'[{"changed": {"fields": ["Libelle"]}}]',20,1,'2023-04-04 02:46:51.551316');
INSERT INTO django_admin_log VALUES(72,'1','SRS',2,'[{"changed": {"fields": ["Libelle"]}}]',20,1,'2023-04-04 02:46:58.445248');
INSERT INTO django_admin_log VALUES(73,'2','Communication Entreprise',2,'[{"changed": {"fields": ["Libelle"]}}]',20,1,'2023-04-04 02:47:19.064268');
INSERT INTO django_admin_log VALUES(74,'4','IRT',1,'[{"added": {}}]',20,1,'2023-04-07 01:31:16.637902');
INSERT INTO django_admin_log VALUES(75,'1','Licence 1 IRT',1,'[{"added": {}}]',10,1,'2023-04-07 01:31:33.596908');
INSERT INTO django_admin_log VALUES(76,'2','Licence 3  Gestion',1,'[{"added": {}}]',10,1,'2023-04-07 01:32:08.274602');
INSERT INTO django_admin_log VALUES(77,'3','Master 1 AL',1,'[{"added": {}}]',10,1,'2023-04-07 01:32:33.150783');
INSERT INTO django_admin_log VALUES(78,'4','Master 2 SRS',1,'[{"added": {}}]',10,1,'2023-04-07 01:32:56.594462');
INSERT INTO django_admin_log VALUES(79,'1','Anglais L1 IRT',1,'[{"added": {}}]',22,1,'2023-04-07 02:11:00.371661');
INSERT INTO django_admin_log VALUES(80,'2','Fr L3 Gestion',1,'[{"added": {}}]',22,1,'2023-04-07 02:11:32.040867');
INSERT INTO django_admin_log VALUES(81,'3','M1 AL Poo Python',1,'[{"added": {}}]',22,1,'2023-04-07 02:12:11.369644');
INSERT INTO django_admin_log VALUES(82,'1','2023-2024',1,'[{"added": {}}]',9,1,'2023-04-07 02:16:46.135544');
INSERT INTO django_admin_log VALUES(83,'1','2023-2024 Anglais L1 IRT',1,'[{"added": {}}]',23,1,'2023-04-07 02:17:11.512720');
INSERT INTO django_admin_log VALUES(84,'2','2023-2024 M1 AL Poo Python',1,'[{"added": {}}]',23,1,'2023-04-07 02:17:32.055225');
INSERT INTO django_admin_log VALUES(85,'1','Ingénieur Sakura Haruno',1,'[{"added": {}}]',12,1,'2023-04-07 14:16:40.644806');
INSERT INTO django_admin_log VALUES(86,'2','Dr Aristide Sama',1,'[{"added": {}}]',12,1,'2023-04-07 14:19:04.086362');
INSERT INTO django_admin_log VALUES(87,'1','2023-2024 M1 AL Poo Python > Dr Aristide Sama',1,'[{"added": {}}]',13,1,'2023-04-07 14:20:12.497694');
INSERT INTO django_admin_log VALUES(88,'2','2023-2024 Anglais L1 IRT > Ingénieur Sakura Haruno',1,'[{"added": {}}]',13,1,'2023-04-07 14:20:21.320706');
INSERT INTO django_admin_log VALUES(89,'1','Avedzi',1,'[{"added": {}}]',26,1,'2023-04-07 14:23:07.513087');
INSERT INTO django_admin_log VALUES(90,'2','Adidogomé',1,'[{"added": {}}]',26,1,'2023-04-07 14:23:22.014088');
INSERT INTO django_admin_log VALUES(91,'1','101',1,'[{"added": {}}]',21,1,'2023-04-07 14:24:09.450570');
INSERT INTO django_admin_log VALUES(92,'2','102',1,'[{"added": {}}]',21,1,'2023-04-07 14:24:21.292689');
INSERT INTO django_admin_log VALUES(93,'3','201',1,'[{"added": {}}]',21,1,'2023-04-07 14:24:29.452093');
INSERT INTO django_admin_log VALUES(94,'1','{self.dateDebut} {self.dateFin}',1,'[{"added": {}}]',11,1,'2023-04-07 14:36:48.615377');
CREATE TABLE IF NOT EXISTS "django_content_type" ("id" integer NOT NULL PRIMARY KEY AUTOINCREMENT, "app_label" varchar(100) NOT NULL, "model" varchar(100) NOT NULL);
INSERT INTO django_content_type VALUES(1,'admin','logentry');
INSERT INTO django_content_type VALUES(2,'auth','permission');
INSERT INTO django_content_type VALUES(3,'auth','group');
INSERT INTO django_content_type VALUES(4,'auth','user');
INSERT INTO django_content_type VALUES(5,'contenttypes','contenttype');
INSERT INTO django_content_type VALUES(6,'sessions','session');
INSERT INTO django_content_type VALUES(7,'school_app','domaine');
INSERT INTO django_content_type VALUES(8,'school_app','filiere');
INSERT INTO django_content_type VALUES(9,'school_app','anneescolaire');
INSERT INTO django_content_type VALUES(10,'school_app','cursus');
INSERT INTO django_content_type VALUES(11,'school_app','emploidutemps');
INSERT INTO django_content_type VALUES(12,'school_app','enseignant');
INSERT INTO django_content_type VALUES(13,'school_app','enseignement');
INSERT INTO django_content_type VALUES(14,'school_app','equipement');
INSERT INTO django_content_type VALUES(15,'school_app','etablissement');
INSERT INTO django_content_type VALUES(16,'school_app','gradeenseignant');
INSERT INTO django_content_type VALUES(17,'school_app','gradescolaire');
INSERT INTO django_content_type VALUES(18,'school_app','matiere');
INSERT INTO django_content_type VALUES(19,'school_app','niveau');
INSERT INTO django_content_type VALUES(20,'school_app','parcours');
INSERT INTO django_content_type VALUES(21,'school_app','salle');
INSERT INTO django_content_type VALUES(22,'school_app','matierecursus');
INSERT INTO django_content_type VALUES(23,'school_app','matcursusannee');
INSERT INTO django_content_type VALUES(24,'school_app','seancecours');
INSERT INTO django_content_type VALUES(25,'school_app','logistique');
INSERT INTO django_content_type VALUES(26,'school_app','lieu');
CREATE TABLE IF NOT EXISTS "auth_permission" ("id" integer NOT NULL PRIMARY KEY AUTOINCREMENT, "content_type_id" integer NOT NULL REFERENCES "django_content_type" ("id") DEFERRABLE INITIALLY DEFERRED, "codename" varchar(100) NOT NULL, "name" varchar(255) NOT NULL);
INSERT INTO auth_permission VALUES(1,1,'add_logentry','Can add log entry');
INSERT INTO auth_permission VALUES(2,1,'change_logentry','Can change log entry');
INSERT INTO auth_permission VALUES(3,1,'delete_logentry','Can delete log entry');
INSERT INTO auth_permission VALUES(4,1,'view_logentry','Can view log entry');
INSERT INTO auth_permission VALUES(5,2,'add_permission','Can add permission');
INSERT INTO auth_permission VALUES(6,2,'change_permission','Can change permission');
INSERT INTO auth_permission VALUES(7,2,'delete_permission','Can delete permission');
INSERT INTO auth_permission VALUES(8,2,'view_permission','Can view permission');
INSERT INTO auth_permission VALUES(9,3,'add_group','Can add group');
INSERT INTO auth_permission VALUES(10,3,'change_group','Can change group');
INSERT INTO auth_permission VALUES(11,3,'delete_group','Can delete group');
INSERT INTO auth_permission VALUES(12,3,'view_group','Can view group');
INSERT INTO auth_permission VALUES(13,4,'add_user','Can add user');
INSERT INTO auth_permission VALUES(14,4,'change_user','Can change user');
INSERT INTO auth_permission VALUES(15,4,'delete_user','Can delete user');
INSERT INTO auth_permission VALUES(16,4,'view_user','Can view user');
INSERT INTO auth_permission VALUES(17,5,'add_contenttype','Can add content type');
INSERT INTO auth_permission VALUES(18,5,'change_contenttype','Can change content type');
INSERT INTO auth_permission VALUES(19,5,'delete_contenttype','Can delete content type');
INSERT INTO auth_permission VALUES(20,5,'view_contenttype','Can view content type');
INSERT INTO auth_permission VALUES(21,6,'add_session','Can add session');
INSERT INTO auth_permission VALUES(22,6,'change_session','Can change session');
INSERT INTO auth_permission VALUES(23,6,'delete_session','Can delete session');
INSERT INTO auth_permission VALUES(24,6,'view_session','Can view session');
INSERT INTO auth_permission VALUES(25,7,'add_domaine','Can add domaine');
INSERT INTO auth_permission VALUES(26,7,'change_domaine','Can change domaine');
INSERT INTO auth_permission VALUES(27,7,'delete_domaine','Can delete domaine');
INSERT INTO auth_permission VALUES(28,7,'view_domaine','Can view domaine');
INSERT INTO auth_permission VALUES(29,8,'add_filiere','Can add filiere');
INSERT INTO auth_permission VALUES(30,8,'change_filiere','Can change filiere');
INSERT INTO auth_permission VALUES(31,8,'delete_filiere','Can delete filiere');
INSERT INTO auth_permission VALUES(32,8,'view_filiere','Can view filiere');
INSERT INTO auth_permission VALUES(33,9,'add_anneescolaire','Can add annee scolaire');
INSERT INTO auth_permission VALUES(34,9,'change_anneescolaire','Can change annee scolaire');
INSERT INTO auth_permission VALUES(35,9,'delete_anneescolaire','Can delete annee scolaire');
INSERT INTO auth_permission VALUES(36,9,'view_anneescolaire','Can view annee scolaire');
INSERT INTO auth_permission VALUES(37,10,'add_cursus','Can add cursus');
INSERT INTO auth_permission VALUES(38,10,'change_cursus','Can change cursus');
INSERT INTO auth_permission VALUES(39,10,'delete_cursus','Can delete cursus');
INSERT INTO auth_permission VALUES(40,10,'view_cursus','Can view cursus');
INSERT INTO auth_permission VALUES(41,11,'add_emploidutemps','Can add emploi du temps');
INSERT INTO auth_permission VALUES(42,11,'change_emploidutemps','Can change emploi du temps');
INSERT INTO auth_permission VALUES(43,11,'delete_emploidutemps','Can delete emploi du temps');
INSERT INTO auth_permission VALUES(44,11,'view_emploidutemps','Can view emploi du temps');
INSERT INTO auth_permission VALUES(45,12,'add_enseignant','Can add enseignant');
INSERT INTO auth_permission VALUES(46,12,'change_enseignant','Can change enseignant');
INSERT INTO auth_permission VALUES(47,12,'delete_enseignant','Can delete enseignant');
INSERT INTO auth_permission VALUES(48,12,'view_enseignant','Can view enseignant');
INSERT INTO auth_permission VALUES(49,13,'add_enseignement','Can add enseignement');
INSERT INTO auth_permission VALUES(50,13,'change_enseignement','Can change enseignement');
INSERT INTO auth_permission VALUES(51,13,'delete_enseignement','Can delete enseignement');
INSERT INTO auth_permission VALUES(52,13,'view_enseignement','Can view enseignement');
INSERT INTO auth_permission VALUES(53,14,'add_equipement','Can add equipement');
INSERT INTO auth_permission VALUES(54,14,'change_equipement','Can change equipement');
INSERT INTO auth_permission VALUES(55,14,'delete_equipement','Can delete equipement');
INSERT INTO auth_permission VALUES(56,14,'view_equipement','Can view equipement');
INSERT INTO auth_permission VALUES(57,15,'add_etablissement','Can add etablissement');
INSERT INTO auth_permission VALUES(58,15,'change_etablissement','Can change etablissement');
INSERT INTO auth_permission VALUES(59,15,'delete_etablissement','Can delete etablissement');
INSERT INTO auth_permission VALUES(60,15,'view_etablissement','Can view etablissement');
INSERT INTO auth_permission VALUES(61,16,'add_gradeenseignant','Can add grade enseignant');
INSERT INTO auth_permission VALUES(62,16,'change_gradeenseignant','Can change grade enseignant');
INSERT INTO auth_permission VALUES(63,16,'delete_gradeenseignant','Can delete grade enseignant');
INSERT INTO auth_permission VALUES(64,16,'view_gradeenseignant','Can view grade enseignant');
INSERT INTO auth_permission VALUES(65,17,'add_gradescolaire','Can add grade scolaire');
INSERT INTO auth_permission VALUES(66,17,'change_gradescolaire','Can change grade scolaire');
INSERT INTO auth_permission VALUES(67,17,'delete_gradescolaire','Can delete grade scolaire');
INSERT INTO auth_permission VALUES(68,17,'view_gradescolaire','Can view grade scolaire');
INSERT INTO auth_permission VALUES(69,18,'add_matiere','Can add matiere');
INSERT INTO auth_permission VALUES(70,18,'change_matiere','Can change matiere');
INSERT INTO auth_permission VALUES(71,18,'delete_matiere','Can delete matiere');
INSERT INTO auth_permission VALUES(72,18,'view_matiere','Can view matiere');
INSERT INTO auth_permission VALUES(73,19,'add_niveau','Can add niveau');
INSERT INTO auth_permission VALUES(74,19,'change_niveau','Can change niveau');
INSERT INTO auth_permission VALUES(75,19,'delete_niveau','Can delete niveau');
INSERT INTO auth_permission VALUES(76,19,'view_niveau','Can view niveau');
INSERT INTO auth_permission VALUES(77,20,'add_parcours','Can add parcours');
INSERT INTO auth_permission VALUES(78,20,'change_parcours','Can change parcours');
INSERT INTO auth_permission VALUES(79,20,'delete_parcours','Can delete parcours');
INSERT INTO auth_permission VALUES(80,20,'view_parcours','Can view parcours');
INSERT INTO auth_permission VALUES(81,21,'add_salle','Can add salle');
INSERT INTO auth_permission VALUES(82,21,'change_salle','Can change salle');
INSERT INTO auth_permission VALUES(83,21,'delete_salle','Can delete salle');
INSERT INTO auth_permission VALUES(84,21,'view_salle','Can view salle');
INSERT INTO auth_permission VALUES(85,22,'add_uniteenseignement','Can add unite enseignement');
INSERT INTO auth_permission VALUES(86,22,'change_uniteenseignement','Can change unite enseignement');
INSERT INTO auth_permission VALUES(87,22,'delete_uniteenseignement','Can delete unite enseignement');
INSERT INTO auth_permission VALUES(88,22,'view_uniteenseignement','Can view unite enseignement');
INSERT INTO auth_permission VALUES(89,23,'add_ueanneescolaire','Can add ue annee scolaire');
INSERT INTO auth_permission VALUES(90,23,'change_ueanneescolaire','Can change ue annee scolaire');
INSERT INTO auth_permission VALUES(91,23,'delete_ueanneescolaire','Can delete ue annee scolaire');
INSERT INTO auth_permission VALUES(92,23,'view_ueanneescolaire','Can view ue annee scolaire');
INSERT INTO auth_permission VALUES(93,24,'add_seancecours','Can add seance cours');
INSERT INTO auth_permission VALUES(94,24,'change_seancecours','Can change seance cours');
INSERT INTO auth_permission VALUES(95,24,'delete_seancecours','Can delete seance cours');
INSERT INTO auth_permission VALUES(96,24,'view_seancecours','Can view seance cours');
INSERT INTO auth_permission VALUES(97,25,'add_logistique','Can add logistique');
INSERT INTO auth_permission VALUES(98,25,'change_logistique','Can change logistique');
INSERT INTO auth_permission VALUES(99,25,'delete_logistique','Can delete logistique');
INSERT INTO auth_permission VALUES(100,25,'view_logistique','Can view logistique');
INSERT INTO auth_permission VALUES(101,23,'add_matcursusannee','Can add mat cursus annee');
INSERT INTO auth_permission VALUES(102,23,'change_matcursusannee','Can change mat cursus annee');
INSERT INTO auth_permission VALUES(103,23,'delete_matcursusannee','Can delete mat cursus annee');
INSERT INTO auth_permission VALUES(104,23,'view_matcursusannee','Can view mat cursus annee');
INSERT INTO auth_permission VALUES(105,22,'add_matierecursus','Can add matiere cursus');
INSERT INTO auth_permission VALUES(106,22,'change_matierecursus','Can change matiere cursus');
INSERT INTO auth_permission VALUES(107,22,'delete_matierecursus','Can delete matiere cursus');
INSERT INTO auth_permission VALUES(108,22,'view_matierecursus','Can view matiere cursus');
INSERT INTO auth_permission VALUES(109,26,'add_lieu','Can add lieu');
INSERT INTO auth_permission VALUES(110,26,'change_lieu','Can change lieu');
INSERT INTO auth_permission VALUES(111,26,'delete_lieu','Can delete lieu');
INSERT INTO auth_permission VALUES(112,26,'view_lieu','Can view lieu');
CREATE TABLE IF NOT EXISTS "auth_group" ("id" integer NOT NULL PRIMARY KEY AUTOINCREMENT, "name" varchar(150) NOT NULL UNIQUE);
CREATE TABLE IF NOT EXISTS "auth_user" ("id" integer NOT NULL PRIMARY KEY AUTOINCREMENT, "password" varchar(128) NOT NULL, "last_login" datetime NULL, "is_superuser" bool NOT NULL, "username" varchar(150) NOT NULL UNIQUE, "last_name" varchar(150) NOT NULL, "email" varchar(254) NOT NULL, "is_staff" bool NOT NULL, "is_active" bool NOT NULL, "date_joined" datetime NOT NULL, "first_name" varchar(150) NOT NULL);
INSERT INTO auth_user VALUES(1,'pbkdf2_sha256$390000$ia5q4Yrx0Ef63BHq2RPKvL$+H8FP9IyUjqo8kltfmXkK2zyn7YQAHMjrFWUaRJGSQQ=','2023-04-04 02:40:33.329536',1,'admin','','admin@example.com',1,1,'2023-03-27 21:53:32.388459','');
CREATE TABLE IF NOT EXISTS "django_session" ("session_key" varchar(40) NOT NULL PRIMARY KEY, "session_data" text NOT NULL, "expire_date" datetime NOT NULL);
INSERT INTO django_session VALUES('5l87i77c5p6lfv2b0gfj8tv1kj86wi1c','.eJxVjMsOwiAQRf-FtSFAGR4u3fsNBGZAqgaS0q6M_65NutDtPefcFwtxW2vYRl7CTOzMJDv9biniI7cd0D22W-fY27rMie8KP-jg1075eTncv4MaR_3WAM4k5zICKpMjFXQTqCKtt15hTAKJtDcorClSK02CwANJZ5MU1k7s_QHoITeF:1pgun8:62P-ca1pFNc1RfaosMmnn0_23EU_Kz_zftDCzlRmUkw','2023-04-10 21:54:14.453774');
INSERT INTO django_session VALUES('0fkdn386qoec6w1yt2ic30st164jlb2e','.eJxVjMsOwiAQRf-FtSFAGR4u3fsNBGZAqgaS0q6M_65NutDtPefcFwtxW2vYRl7CTOzMJDv9biniI7cd0D22W-fY27rMie8KP-jg1075eTncv4MaR_3WAM4k5zICKpMjFXQTqCKtt15hTAKJtDcorClSK02CwANJZ5MU1k7s_QHoITeF:1pi8tZ:yU3EvFpcEon7IZDvlcFd9c4xIUdVZrH9hN1clvRFrVU','2023-04-14 07:09:57.297527');
CREATE TABLE IF NOT EXISTS "school_app_anneescolaire" ("id" integer NOT NULL PRIMARY KEY AUTOINCREMENT, "dateDebut" datetime NULL, "dateFin" datetime NULL, "libelle" varchar(50) NOT NULL);
INSERT INTO school_app_anneescolaire VALUES(1,'2022-10-03 00:00:00','2023-09-29 00:00:00','2023-2024');
CREATE TABLE IF NOT EXISTS "school_app_domaine" ("id" integer NOT NULL PRIMARY KEY AUTOINCREMENT, "libelle" varchar(100) NOT NULL);
INSERT INTO school_app_domaine VALUES(1,'Litérature');
INSERT INTO school_app_domaine VALUES(2,'Science');
INSERT INTO school_app_domaine VALUES(3,'Gestion');
CREATE TABLE IF NOT EXISTS "school_app_emploidutemps" ("id" integer NOT NULL PRIMARY KEY AUTOINCREMENT, "dateDebut" datetime NOT NULL, "dateFin" datetime NOT NULL, "code" varchar(50) NOT NULL);
INSERT INTO school_app_emploidutemps VALUES(1,'2023-04-10 00:00:00','2023-04-15 00:00:00','2023-April-Week-1');
CREATE TABLE IF NOT EXISTS "school_app_etablissement" ("id" integer NOT NULL PRIMARY KEY AUTOINCREMENT, "nom" varchar(150) NOT NULL, "logo" varchar(100) NOT NULL, "adresse" varchar(150) NOT NULL, "tel" varchar(50) NOT NULL, "email" varchar(50) NOT NULL);
CREATE TABLE IF NOT EXISTS "school_app_filiere" ("id" integer NOT NULL PRIMARY KEY AUTOINCREMENT, "libelle" varchar(100) NOT NULL);
INSERT INTO school_app_filiere VALUES(1,'IRT');
INSERT INTO school_app_filiere VALUES(2,'Management');
CREATE TABLE IF NOT EXISTS "school_app_gradeenseignant" ("id" integer NOT NULL PRIMARY KEY AUTOINCREMENT, "libelle" varchar(100) NOT NULL);
INSERT INTO school_app_gradeenseignant VALUES(1,'Dr');
INSERT INTO school_app_gradeenseignant VALUES(2,'Ingénieur');
INSERT INTO school_app_gradeenseignant VALUES(3,'Professeur');
CREATE TABLE IF NOT EXISTS "school_app_gradescolaire" ("id" integer NOT NULL PRIMARY KEY AUTOINCREMENT, "libelle" varchar(100) NOT NULL);
INSERT INTO school_app_gradescolaire VALUES(1,'LICENCE');
INSERT INTO school_app_gradescolaire VALUES(2,'Master');
INSERT INTO school_app_gradescolaire VALUES(3,'Doctorat');
CREATE TABLE IF NOT EXISTS "school_app_lieu" ("id" integer NOT NULL PRIMARY KEY AUTOINCREMENT, "libelle" varchar(99) NOT NULL, "localisation" varchar(100) NULL);
INSERT INTO school_app_lieu VALUES(1,'Avedzi',NULL);
INSERT INTO school_app_lieu VALUES(2,'Adidogomé',NULL);
CREATE TABLE IF NOT EXISTS "school_app_niveau" ("id" integer NOT NULL PRIMARY KEY AUTOINCREMENT, "libelle" varchar(100) NOT NULL);
INSERT INTO school_app_niveau VALUES(1,'1');
INSERT INTO school_app_niveau VALUES(2,'2');
INSERT INTO school_app_niveau VALUES(3,'3');
CREATE TABLE IF NOT EXISTS "school_app_parcours" ("id" integer NOT NULL PRIMARY KEY AUTOINCREMENT, "libelle" varchar(100) NOT NULL);
INSERT INTO school_app_parcours VALUES(1,'SRS');
INSERT INTO school_app_parcours VALUES(2,'Communication Entreprise');
INSERT INTO school_app_parcours VALUES(3,'AL');
INSERT INTO school_app_parcours VALUES(4,'IRT');
CREATE TABLE IF NOT EXISTS "school_app_seancecours" ("id" integer NOT NULL PRIMARY KEY AUTOINCREMENT, "date" date NOT NULL, "heureDebut" time NOT NULL, "heureFin" time NOT NULL, "statut" varchar(15) NOT NULL, "typeSeance" varchar(15) NOT NULL, "emploiDuTemps_id" bigint NOT NULL REFERENCES "school_app_emploidutemps" ("id") DEFERRABLE INITIALLY DEFERRED, "enseignement_id" bigint NOT NULL REFERENCES "school_app_enseignement" ("id") DEFERRABLE INITIALLY DEFERRED, "lieu_id" bigint NOT NULL REFERENCES "school_app_lieu" ("id") DEFERRABLE INITIALLY DEFERRED, "salle_id" bigint NOT NULL REFERENCES "school_app_salle" ("id") DEFERRABLE INITIALLY DEFERRED);
CREATE TABLE IF NOT EXISTS "school_app_salle" ("id" integer NOT NULL PRIMARY KEY AUTOINCREMENT, "libelle" varchar(50) NOT NULL, "capacite" integer unsigned NOT NULL CHECK ("capacite" >= 0), "numero" varchar(50) NOT NULL);
INSERT INTO school_app_salle VALUES(1,'101',0,'101');
INSERT INTO school_app_salle VALUES(2,'102',0,'102');
INSERT INTO school_app_salle VALUES(3,'201',0,'201');
CREATE TABLE IF NOT EXISTS "school_app_matierecursus" ("id" integer NOT NULL PRIMARY KEY AUTOINCREMENT, "libelle" varchar(200) NOT NULL, "duree" integer unsigned NOT NULL CHECK ("duree" >= 0), "cursus_id" bigint NOT NULL REFERENCES "school_app_cursus" ("id") DEFERRABLE INITIALLY DEFERRED, "matiere_id" bigint NOT NULL REFERENCES "school_app_matiere" ("id") DEFERRABLE INITIALLY DEFERRED);
INSERT INTO school_app_matierecursus VALUES(1,'Anglais L1 IRT',2,1,2);
INSERT INTO school_app_matierecursus VALUES(2,'Fr L3 Gestion',4,2,1);
INSERT INTO school_app_matierecursus VALUES(3,'M1 AL Poo Python',30,3,3);
CREATE TABLE IF NOT EXISTS "school_app_matiere" ("id" integer NOT NULL PRIMARY KEY AUTOINCREMENT, "libelle" varchar(100) NOT NULL);
INSERT INTO school_app_matiere VALUES(1,'Français');
INSERT INTO school_app_matiere VALUES(2,'Anglais');
INSERT INTO school_app_matiere VALUES(3,'Poo Python');
CREATE TABLE IF NOT EXISTS "school_app_matcursusannee" ("id" integer NOT NULL PRIMARY KEY AUTOINCREMENT, "libelle" varchar(50) NULL, "anneeScolaire_id" bigint NOT NULL REFERENCES "school_app_anneescolaire" ("id") DEFERRABLE INITIALLY DEFERRED, "matiereCursus_id" bigint NOT NULL REFERENCES "school_app_matierecursus" ("id") DEFERRABLE INITIALLY DEFERRED);
INSERT INTO school_app_matcursusannee VALUES(1,'2023  Ang L1 IRT',1,1);
INSERT INTO school_app_matcursusannee VALUES(2,'2023-2024 M1 AL Poo Python',1,3);
CREATE TABLE IF NOT EXISTS "school_app_logistique" ("id" integer NOT NULL PRIMARY KEY AUTOINCREMENT, "equipement_id" bigint NOT NULL REFERENCES "school_app_equipement" ("id") DEFERRABLE INITIALLY DEFERRED, "seanceCours_id" bigint NOT NULL REFERENCES "school_app_seancecours" ("id") DEFERRABLE INITIALLY DEFERRED);
CREATE TABLE IF NOT EXISTS "school_app_equipement" ("id" integer NOT NULL PRIMARY KEY AUTOINCREMENT, "libelle" varchar(50) NOT NULL, "quantite" integer unsigned NOT NULL CHECK ("quantite" >= 0));
CREATE TABLE IF NOT EXISTS "school_app_enseignement" ("id" integer NOT NULL PRIMARY KEY AUTOINCREMENT, "libelle" varchar(150) NULL, "enseignant_id" bigint NOT NULL REFERENCES "school_app_enseignant" ("id") DEFERRABLE INITIALLY DEFERRED, "matCursusAnnee_id" bigint NOT NULL REFERENCES "school_app_matcursusannee" ("id") DEFERRABLE INITIALLY DEFERRED);
INSERT INTO school_app_enseignement VALUES(1,NULL,2,2);
INSERT INTO school_app_enseignement VALUES(2,NULL,1,1);
CREATE TABLE IF NOT EXISTS "school_app_enseignant" ("id" integer NOT NULL PRIMARY KEY AUTOINCREMENT, "nom" varchar(150) NOT NULL, "prenoms" varchar(150) NOT NULL, "dateNais" datetime NOT NULL, "tel" varchar(50) NOT NULL, "profession" varchar(100) NOT NULL, "email" varchar(100) NOT NULL, "adresse" varchar(100) NOT NULL, "sexe" varchar(15) NOT NULL, "dateIndispoDebut" date NULL, "dateIndispoFin" date NULL, "gradeEnseignant_id" bigint NOT NULL REFERENCES "school_app_gradeenseignant" ("id") DEFERRABLE INITIALLY DEFERRED);
INSERT INTO school_app_enseignant VALUES(1,'Sakura','Haruno','2000-11-04 00:00:00','111111111111111','Programmeuse','sakura@haruno@aaa.com','Rue des oliviers','Feminin',NULL,NULL,2);
INSERT INTO school_app_enseignant VALUES(2,'Aristide','Sama','1998-08-31 06:00:00','2222222222','Chercheur','aristide@sama.com','35 Rue Aniko Palako','Masculin',NULL,NULL,1);
CREATE TABLE IF NOT EXISTS "school_app_cursus" ("id" integer NOT NULL PRIMARY KEY AUTOINCREMENT, "libelle" varchar(100) NOT NULL, "domaine_id" bigint NOT NULL REFERENCES "school_app_domaine" ("id") DEFERRABLE INITIALLY DEFERRED, "filiere_id" bigint NOT NULL REFERENCES "school_app_filiere" ("id") DEFERRABLE INITIALLY DEFERRED, "gradeScolaire_id" bigint NOT NULL REFERENCES "school_app_gradescolaire" ("id") DEFERRABLE INITIALLY DEFERRED, "niveau_id" bigint NOT NULL REFERENCES "school_app_niveau" ("id") DEFERRABLE INITIALLY DEFERRED, "parcours_id" bigint NOT NULL REFERENCES "school_app_parcours" ("id") DEFERRABLE INITIALLY DEFERRED);
INSERT INTO school_app_cursus VALUES(1,'Licence 1 IRT',2,1,1,1,4);
INSERT INTO school_app_cursus VALUES(2,'Licence 3  Gestion',3,2,1,3,2);
INSERT INTO school_app_cursus VALUES(3,'Master 1 AL',2,1,2,1,3);
INSERT INTO school_app_cursus VALUES(4,'Master 2 SRS',2,1,2,2,1);
DELETE FROM sqlite_sequence;
INSERT INTO sqlite_sequence VALUES('django_migrations',32);
INSERT INTO sqlite_sequence VALUES('django_admin_log',94);
INSERT INTO sqlite_sequence VALUES('django_content_type',26);
INSERT INTO sqlite_sequence VALUES('auth_permission',112);
INSERT INTO sqlite_sequence VALUES('auth_group',0);
INSERT INTO sqlite_sequence VALUES('auth_user',1);
INSERT INTO sqlite_sequence VALUES('school_app_salle',3);
INSERT INTO sqlite_sequence VALUES('school_app_matiere',3);
INSERT INTO sqlite_sequence VALUES('school_app_equipement',0);
INSERT INTO sqlite_sequence VALUES('school_app_enseignement',2);
INSERT INTO sqlite_sequence VALUES('school_app_enseignant',2);
INSERT INTO sqlite_sequence VALUES('school_app_cursus',4);
INSERT INTO sqlite_sequence VALUES('school_app_gradeenseignant',3);
INSERT INTO sqlite_sequence VALUES('school_app_domaine',3);
INSERT INTO sqlite_sequence VALUES('school_app_filiere',2);
INSERT INTO sqlite_sequence VALUES('school_app_parcours',4);
INSERT INTO sqlite_sequence VALUES('school_app_gradescolaire',3);
INSERT INTO sqlite_sequence VALUES('school_app_niveau',3);
INSERT INTO sqlite_sequence VALUES('school_app_matierecursus',3);
INSERT INTO sqlite_sequence VALUES('school_app_anneescolaire',1);
INSERT INTO sqlite_sequence VALUES('school_app_matcursusannee',2);
INSERT INTO sqlite_sequence VALUES('school_app_lieu',2);
INSERT INTO sqlite_sequence VALUES('school_app_emploidutemps',1);
CREATE UNIQUE INDEX "auth_group_permissions_group_id_permission_id_0cd325b0_uniq" ON "auth_group_permissions" ("group_id", "permission_id");
CREATE INDEX "auth_group_permissions_group_id_b120cbf9" ON "auth_group_permissions" ("group_id");
CREATE INDEX "auth_group_permissions_permission_id_84c5c92e" ON "auth_group_permissions" ("permission_id");
CREATE UNIQUE INDEX "auth_user_groups_user_id_group_id_94350c0c_uniq" ON "auth_user_groups" ("user_id", "group_id");
CREATE INDEX "auth_user_groups_user_id_6a12ed8b" ON "auth_user_groups" ("user_id");
CREATE INDEX "auth_user_groups_group_id_97559544" ON "auth_user_groups" ("group_id");
CREATE UNIQUE INDEX "auth_user_user_permissions_user_id_permission_id_14a6b632_uniq" ON "auth_user_user_permissions" ("user_id", "permission_id");
CREATE INDEX "auth_user_user_permissions_user_id_a95ead1b" ON "auth_user_user_permissions" ("user_id");
CREATE INDEX "auth_user_user_permissions_permission_id_1fbb5f2c" ON "auth_user_user_permissions" ("permission_id");
CREATE INDEX "django_admin_log_content_type_id_c4bce8eb" ON "django_admin_log" ("content_type_id");
CREATE INDEX "django_admin_log_user_id_c564eba6" ON "django_admin_log" ("user_id");
CREATE UNIQUE INDEX "django_content_type_app_label_model_76bd3d3b_uniq" ON "django_content_type" ("app_label", "model");
CREATE UNIQUE INDEX "auth_permission_content_type_id_codename_01ab375a_uniq" ON "auth_permission" ("content_type_id", "codename");
CREATE INDEX "auth_permission_content_type_id_2f476e4b" ON "auth_permission" ("content_type_id");
CREATE INDEX "django_session_expire_date_a5c62663" ON "django_session" ("expire_date");
CREATE INDEX "school_app_seancecours_emploiDuTemps_id_9a7c6b98" ON "school_app_seancecours" ("emploiDuTemps_id");
CREATE INDEX "school_app_seancecours_enseignement_id_c7ce9441" ON "school_app_seancecours" ("enseignement_id");
CREATE INDEX "school_app_seancecours_lieu_id_f4515baa" ON "school_app_seancecours" ("lieu_id");
CREATE INDEX "school_app_seancecours_salle_id_3ee746ea" ON "school_app_seancecours" ("salle_id");
CREATE INDEX "school_app_matierecursus_cursus_id_239a6d20" ON "school_app_matierecursus" ("cursus_id");
CREATE INDEX "school_app_matierecursus_matiere_id_6cebfa19" ON "school_app_matierecursus" ("matiere_id");
CREATE INDEX "school_app_matcursusannee_anneeScolaire_id_4fd59125" ON "school_app_matcursusannee" ("anneeScolaire_id");
CREATE INDEX "school_app_matcursusannee_matiereCursus_id_2f485b3f" ON "school_app_matcursusannee" ("matiereCursus_id");
CREATE INDEX "school_app_logistique_equipement_id_68ba02e5" ON "school_app_logistique" ("equipement_id");
CREATE INDEX "school_app_logistique_seanceCours_id_3a125324" ON "school_app_logistique" ("seanceCours_id");
CREATE INDEX "school_app_enseignement_enseignant_id_44caa9c6" ON "school_app_enseignement" ("enseignant_id");
CREATE INDEX "school_app_enseignement_matCursusAnnee_id_745f9cd8" ON "school_app_enseignement" ("matCursusAnnee_id");
CREATE INDEX "school_app_enseignant_gradeEnseignant_id_bbcc16c6" ON "school_app_enseignant" ("gradeEnseignant_id");
CREATE INDEX "school_app_cursus_domaine_id_3facf9e3" ON "school_app_cursus" ("domaine_id");
CREATE INDEX "school_app_cursus_filiere_id_33562906" ON "school_app_cursus" ("filiere_id");
CREATE INDEX "school_app_cursus_gradeScolaire_id_b3579e57" ON "school_app_cursus" ("gradeScolaire_id");
CREATE INDEX "school_app_cursus_niveau_id_26335cb1" ON "school_app_cursus" ("niveau_id");
CREATE INDEX "school_app_cursus_parcours_id_b47c70f6" ON "school_app_cursus" ("parcours_id");
COMMIT;
